YEAR,MONTH,DAY,TEMP,HUMIDITY,PRECIPITATION,PRESSURE,WINDSPEED
2021,1,1,25.82,11.35,0.0,101.32,5.44
2021,1,2,26.9,11.72,0.0,101.39,4.39
2021,1,3,26.9,11.96,0.0,101.2,6.83
2021,1,4,26.6,13.24,0.0,100.83,5.52
2021,1,5,26.85,15.56,4.95,100.63,3.05
2021,1,6,26.22,13.49,4.54,100.58,7.47
2021,1,7,26.55,12.7,0.0,100.63,6.47
2021,1,8,26.66,11.78,0.0,101.0,6.61
2021,1,9,25.97,11.05,0.26,101.12,4.79
2021,1,10,27.26,13.73,0.35,100.74,4.8
2021,1,11,24.89,14.28,37.58,100.6,4.91
2021,1,12,23.77,9.03,0.0,101.72,6.64
2021,1,13,24.08,9.16,0.0,101.98,6.49
2021,1,14,24.44,10.5,0.0,101.65,7.36
2021,1,15,24.57,13.31,2.13,100.81,5.4
2021,1,16,24.84,14.34,1.85,100.26,5.87
2021,1,17,23.7,10.38,0.2,100.84,8.02
2021,1,18,24.78,9.52,0.0,101.35,3.15
2021,1,19,25.91,11.84,0.0,101.59,4.35
2021,1,20,26.42,12.88,0.0,101.72,5.56
2021,1,21,26.71,13.06,0.0,101.81,6.27
2021,1,22,27.13,13.31,0.0,101.81,5.79
2021,1,23,28.24,15.56,0.0,101.37,5.25
2021,1,24,28.68,15.5,0.0,101.03,5.12
2021,1,25,29.12,14.89,0.0,100.52,4.87
2021,1,26,28.3,15.93,0.04,100.23,3.55
2021,1,27,27.97,14.16,0.38,100.42,6.23
2021,1,28,26.67,13.79,6.52,100.53,2.7
2021,1,29,26.72,14.1,11.4,100.4,3.48
2021,1,30,25.58,13.12,25.01,100.83,10.37
2021,1,31,25.44,12.15,17.39,101.32,9.41
2021,2,1,25.1,13.67,20.16,101.02,4.16
2021,2,2,24.23,13.92,7.5,101.2,5.89
2021,2,3,23.98,13.55,0.96,101.29,7.03
2021,2,4,23.99,11.6,0.02,101.48,6.5
2021,2,5,24.15,10.44,0.0,101.39,5.01
2021,2,6,25.15,11.54,0.0,101.23,3.15
2021,2,7,25.84,13.67,0.05,101.23,4.59
2021,2,8,24.74,13.43,3.47,101.52,8.81
2021,2,9,24.05,12.39,6.89,101.81,8.14
2021,2,10,24.32,13.31,3.85,101.61,8.57
2021,2,11,24.17,13.98,9.18,101.25,5.36
2021,2,12,24.58,14.53,0.69,101.13,4.84
2021,2,13,25.18,13.98,4.5,100.81,2.42
2021,2,14,25.64,14.04,9.91,100.49,3.34
2021,2,15,25.66,13.98,0.7,100.76,6.9
2021,2,16,24.76,12.21,0.15,100.81,7.52
2021,2,17,24.65,12.15,0.63,100.77,6.25
2021,2,18,25.63,12.39,0.0,100.72,2.66
2021,2,19,24.87,10.99,0.0,101.09,6.98
2021,2,20,24.56,6.59,0.0,101.49,3.02
2021,2,21,25.49,11.23,0.0,101.23,4.02
2021,2,22,25.12,15.2,40.55,100.91,4.14
2021,2,23,25.13,12.02,0.01,101.29,4.16
2021,2,24,25.3,10.99,0.0,101.36,2.86
2021,2,25,26.01,11.41,0.0,101.34,2.91
2021,2,26,26.34,13.43,0.0,101.38,5.55
2021,2,27,26.13,13.67,0.0,101.73,7.34
2021,2,28,26.48,14.16,0.0,101.56,6.7
2021,3,1,26.55,14.83,0.0,101.25,6.37
2021,3,2,26.73,16.3,0.0,101.24,5.62
2021,3,3,26.87,16.11,0.16,101.42,7.01
2021,3,4,26.31,15.62,1.09,101.12,5.44
2021,3,5,25.48,12.33,0.11,101.1,6.75
2021,3,6,25.04,10.68,0.0,101.25,3.9
2021,3,7,25.61,11.05,0.0,101.15,2.87
2021,3,8,25.16,13.06,0.0,101.29,4.66
2021,3,9,24.76,10.74,0.0,101.56,5.35
2021,3,10,25.45,11.84,0.0,101.16,4.48
2021,3,11,25.97,13.73,0.0,101.0,4.87
2021,3,12,25.79,13.18,0.0,101.34,4.9
2021,3,13,25.0,10.56,0.0,101.53,4.81
2021,3,14,25.11,10.38,0.0,101.62,4.25
2021,3,15,25.06,12.7,0.88,101.35,5.12
2021,3,16,24.12,13.24,4.66,100.76,4.2
2021,3,17,22.94,11.47,0.71,101.13,9.93
2021,3,18,21.56,7.14,0.0,101.76,4.14
2021,3,19,21.87,8.91,4.76,101.48,4.91
2021,3,20,21.22,12.51,16.74,101.21,5.19
2021,3,21,21.68,10.74,0.02,101.87,6.06
2021,3,22,22.01,10.74,0.01,101.93,4.13
2021,3,23,22.65,11.29,0.01,101.62,3.25
2021,3,24,23.08,13.49,5.02,101.45,4.66
2021,3,25,22.0,14.04,49.06,101.02,7.99
2021,3,26,22.29,13.43,0.84,100.95,4.69
2021,3,27,22.29,12.88,1.26,100.98,4.33
2021,3,28,22.41,11.17,0.55,101.14,2.29
2021,3,29,21.95,11.29,0.58,101.48,6.2
2021,3,30,21.53,10.31,0.0,101.74,4.96
2021,3,31,21.6,10.38,0.0,101.75,4.84
2021,4,1,21.65,10.8,0.0,101.76,5.96
2021,4,2,21.53,10.99,0.0,101.88,5.11
2021,4,3,21.73,11.6,0.0,101.84,5.23
2021,4,4,21.98,12.51,0.0,101.63,4.11
2021,4,5,22.73,13.67,0.0,101.42,4.2
2021,4,6,23.23,14.53,0.0,101.54,4.23
2021,4,7,23.73,14.4,0.0,101.45,5.97
2021,4,8,23.78,14.71,2.01,100.97,7.22
2021,4,9,22.37,15.08,33.18,101.07,6.52
2021,4,10,21.59,13.73,16.38,100.73,9.48
2021,4,11,20.97,11.17,0.46,100.99,8.59
2021,4,12,20.95,8.67,0.0,101.85,3.59
2021,4,13,21.42,9.34,0.0,102.01,2.71
2021,4,14,21.33,10.44,0.0,101.62,4.93
2021,4,15,22.05,11.54,0.02,101.29,1.73
2021,4,16,22.13,12.15,0.01,101.4,2.08
2021,4,17,21.91,12.15,0.0,101.67,4.23
2021,4,18,21.92,12.33,0.0,101.79,4.96
2021,4,19,21.62,11.78,0.0,101.9,6.27
2021,4,20,21.37,11.41,0.0,101.89,8.09
2021,4,21,21.45,12.08,0.0,101.64,9.1
2021,4,22,21.24,12.76,0.0,101.46,6.38
2021,4,23,21.38,12.76,2.5,101.22,5.54
2021,4,24,20.44,11.29,14.21,101.35,6.05
2021,4,25,19.34,9.28,0.06,101.82,6.04
2021,4,26,19.24,8.48,0.0,101.93,3.21
2021,4,27,19.51,8.3,0.0,101.88,1.98
2021,4,28,19.62,9.46,0.0,102.05,3.99
2021,4,29,19.55,10.07,0.0,102.16,4.05
2021,4,30,19.37,9.7,0.0,101.86,5.76
2021,5,1,19.55,10.44,0.0,101.52,5.57
2021,5,2,20.26,11.9,0.01,101.24,5.23
2021,5,3,20.27,12.39,12.16,100.88,6.93
2021,5,4,18.26,7.63,0.01,102.11,8.79
2021,5,5,17.07,6.1,0.0,102.52,5.87
2021,5,6,16.55,6.1,0.0,102.41,4.92
2021,5,7,17.04,7.08,0.0,102.52,3.24
2021,5,8,17.24,7.93,0.0,102.52,5.47
2021,5,9,16.77,8.73,0.0,102.11,3.73
2021,5,10,16.07,7.45,0.0,102.08,6.47
2021,5,11,15.06,5.92,0.0,102.25,4.71
2021,5,12,15.28,5.74,0.0,102.04,4.86
2021,5,13,15.6,7.14,0.0,102.05,4.34
2021,5,14,15.83,7.51,0.0,102.04,3.03
2021,5,15,15.74,7.75,0.0,101.94,3.12
2021,5,16,15.37,7.45,0.0,101.87,2.73
2021,5,17,15.23,7.02,0.0,102.05,3.91
2021,5,18,15.2,6.53,0.0,101.97,2.45
2021,5,19,15.39,7.81,0.37,101.63,5.64
2021,5,20,15.73,8.61,0.8,101.36,7.21
2021,5,21,15.64,9.58,27.18,100.87,9.2
2021,5,22,15.3,9.34,34.29,99.74,9.15
2021,5,23,14.04,7.69,2.16,100.88,11.88
2021,5,24,13.86,7.14,0.0,101.32,7.34
2021,5,25,13.79,6.65,0.0,101.59,5.84
2021,5,26,13.63,6.96,0.0,101.48,5.21
2021,5,27,14.38,8.48,0.0,100.86,6.15
2021,5,28,14.25,8.18,0.0,100.26,6.2
2021,5,29,13.25,5.86,0.0,101.39,7.62
2021,5,30,12.58,5.13,0.0,101.88,5.61
2021,5,31,13.42,7.32,0.0,101.35,6.54
2021,6,1,13.61,8.54,0.2,100.85,7.02
2021,6,2,13.23,7.08,0.0,101.32,5.73
2021,6,3,13.34,7.14,0.0,101.35,5.66
2021,6,4,14.39,10.25,8.19,100.86,3.61
2021,6,5,13.54,8.36,14.32,101.42,6.41
2021,6,6,12.55,6.04,0.01,102.18,4.73
2021,6,7,13.07,7.14,0.0,102.07,5.41
2021,6,8,14.33,8.91,0.1,101.88,4.24
2021,6,9,14.9,9.95,0.13,101.68,3.62
2021,6,10,14.8,8.67,0.07,101.78,5.61
2021,6,11,13.68,5.8,0.0,101.95,6.06
2021,6,12,14.32,8.48,0.0,101.5,5.86
2021,6,13,14.6,9.09,0.0,101.56,6.88
2021,6,14,14.04,8.0,0.0,101.92,6.34
2021,6,15,12.7,5.62,0.0,102.72,6.49
2021,6,16,12.11,5.62,0.0,102.92,5.7
2021,6,17,11.92,5.19,0.0,102.87,4.58
2021,6,18,11.24,4.82,0.0,102.78,3.38
2021,6,19,11.29,5.37,0.0,102.61,2.96
2021,6,20,11.55,5.55,0.0,102.27,3.87
2021,6,21,12.09,6.71,0.0,102.19,3.03
2021,6,22,12.51,7.32,0.0,102.18,4.79
2021,6,23,13.21,8.79,5.86,101.41,5.12
2021,6,24,13.11,7.63,0.51,100.86,8.19
2021,6,25,12.6,6.9,0.01,101.37,4.86
2021,6,26,12.47,6.96,0.45,101.32,6.68
2021,6,27,11.51,5.68,0.13,101.78,8.68
2021,6,28,11.44,5.55,0.22,102.05,11.38
2021,6,29,11.17,5.68,0.07,102.5,7.12
2021,6,30,10.92,5.8,0.0,102.54,4.83
2021,7,1,10.7,6.53,0.0,102.11,6.47
2021,7,2,10.72,6.41,0.0,102.06,5.45
2021,7,3,10.37,5.37,0.0,102.25,5.55
2021,7,4,10.44,5.92,0.0,102.24,3.74
2021,7,5,10.76,6.41,0.0,102.36,3.88
2021,7,6,11.73,7.57,0.42,101.89,5.27
2021,7,7,12.46,9.09,3.47,101.64,4.03
2021,7,8,13.19,9.28,0.04,101.62,4.24
2021,7,9,13.66,9.16,0.0,101.29,7.25
2021,7,10,13.04,6.65,0.0,101.66,6.04
2021,7,11,12.2,5.25,0.03,101.74,3.93
2021,7,12,13.16,8.91,8.58,101.24,2.99
2021,7,13,12.67,7.69,0.55,101.64,6.39
2021,7,14,12.03,7.14,4.91,101.77,7.26
2021,7,15,11.86,6.59,5.24,101.8,4.31
2021,7,16,11.56,6.23,0.0,101.54,5.73
2021,7,17,11.42,5.31,0.09,101.74,9.8
2021,7,18,10.9,5.43,0.0,102.21,11.54
2021,7,19,10.25,5.0,0.0,102.49,4.77
2021,7,20,10.66,5.68,0.0,102.02,6.91
2021,7,21,11.12,6.29,0.0,102.09,4.61
2021,7,22,11.83,6.84,0.0,102.13,5.49
2021,7,23,12.51,8.36,0.0,101.5,4.27
2021,7,24,12.69,9.22,9.73,101.18,5.17
2021,7,25,13.37,9.22,13.98,100.72,4.9
2021,7,26,12.16,5.62,0.08,101.61,6.44
2021,7,27,10.69,4.52,0.0,102.01,10.11
2021,7,28,9.95,4.76,0.0,102.44,9.38
2021,7,29,10.05,4.64,0.0,102.57,5.06
2021,7,30,10.51,5.25,0.0,102.47,6.43
2021,7,31,10.55,5.68,0.0,102.72,3.94
2021,8,1,10.51,5.92,0.0,103.08,3.2
2021,8,2,11.15,5.74,0.0,102.91,2.69
2021,8,3,11.26,6.29,0.0,102.81,3.48
2021,8,4,11.72,7.02,0.0,102.89,3.43
2021,8,5,12.23,8.0,0.01,102.47,4.77
2021,8,6,13.37,8.91,0.0,101.9,5.5
2021,8,7,14.62,9.64,0.0,101.31,4.75
2021,8,8,13.13,7.63,41.52,101.66,10.51
2021,8,9,12.1,5.62,3.42,102.29,10.08
2021,8,10,10.65,4.64,0.18,102.54,5.21
2021,8,11,10.85,5.07,0.0,102.73,4.95
2021,8,12,11.07,5.55,0.0,102.94,4.35
2021,8,13,11.25,6.04,0.0,102.72,3.8
2021,8,14,11.72,6.53,0.0,102.2,2.0
2021,8,15,11.92,6.84,0.0,101.88,2.08
2021,8,16,12.19,7.32,0.0,101.35,4.95
2021,8,17,12.94,8.24,0.0,101.26,4.36
2021,8,18,13.62,9.16,0.02,100.75,4.41
2021,8,19,13.73,8.97,0.03,100.47,5.2
2021,8,20,13.41,6.71,0.0,101.57,4.59
2021,8,21,13.28,6.59,0.08,101.37,5.21
2021,8,22,13.83,7.57,0.01,100.74,5.23
2021,8,23,13.06,5.19,0.0,101.41,4.51
2021,8,24,12.79,5.74,0.0,101.46,5.41
2021,8,25,13.01,5.86,0.0,101.46,5.12
2021,8,26,13.42,6.41,0.0,101.47,5.94
2021,8,27,13.13,4.82,0.0,102.06,3.88
2021,8,28,13.23,7.2,0.0,102.22,5.1
2021,8,29,14.38,7.87,0.0,102.29,3.65
2021,8,30,15.26,9.16,0.0,101.75,4.87
2021,8,31,16.22,10.62,0.0,101.43,5.44
2021,9,1,15.55,10.44,27.11,101.25,6.63
2021,9,2,14.53,9.09,9.08,101.67,9.15
2021,9,3,14.97,8.36,0.07,101.85,6.91
2021,9,4,15.1,8.73,1.53,101.48,4.95
2021,9,5,15.12,8.54,0.82,101.7,5.91
2021,9,6,15.14,8.85,0.77,101.71,6.65
2021,9,7,15.31,9.64,11.72,101.27,9.14
2021,9,8,14.99,9.28,49.4,100.54,6.59
2021,9,9,14.76,8.42,1.7,100.53,9.68
2021,9,10,15.3,8.3,0.16,101.64,5.59
2021,9,11,15.61,8.79,0.0,101.51,4.84
2021,9,12,16.26,10.07,0.06,100.78,5.9
2021,9,13,15.91,9.22,1.18,100.84,9.08
2021,9,14,14.99,5.98,0.11,101.55,8.18
2021,9,15,15.26,6.1,0.0,102.1,4.7
2021,9,16,16.08,7.63,0.0,102.33,4.92
2021,9,17,16.53,8.36,0.0,101.88,5.3
2021,9,18,17.19,9.7,0.0,101.45,4.36
2021,9,19,17.01,10.38,0.08,101.23,5.54
2021,9,20,17.07,9.77,0.5,101.59,8.76
2021,9,21,15.78,6.65,0.0,102.66,7.36
2021,9,22,16.23,7.45,0.61,102.37,6.2
2021,9,23,16.3,8.24,0.23,102.18,4.69
2021,9,24,16.48,8.3,0.0,102.31,4.92
2021,9,25,17.12,9.22,0.0,101.82,4.84
2021,9,26,17.82,9.64,0.0,101.56,4.17
2021,9,27,17.02,8.97,0.31,101.87,8.62
2021,9,28,16.98,9.09,0.22,101.98,8.27
2021,9,29,17.66,8.91,0.01,101.75,6.58
2021,9,30,17.55,10.44,19.17,100.93,7.59
2021,10,1,17.62,8.0,0.0,101.32,4.0
2021,10,2,17.3,8.24,1.45,101.03,6.06
2021,10,3,16.25,6.1,0.0,101.47,7.76
2021,10,4,16.76,6.35,0.0,101.69,4.4
2021,10,5,17.29,7.87,0.0,101.5,6.48
2021,10,6,16.51,7.02,0.0,101.96,8.14
2021,10,7,16.11,5.49,0.0,102.18,4.21
2021,10,8,16.12,6.53,0.0,101.92,6.1
2021,10,9,16.83,7.63,0.0,101.96,6.02
2021,10,10,17.16,9.7,1.5,101.76,6.2
2021,10,11,17.49,10.31,2.8,101.5,5.09
2021,10,12,18.29,10.62,0.77,101.16,3.41
2021,10,13,18.16,11.41,10.39,100.71,2.76
2021,10,14,18.58,10.07,0.66,100.61,4.92
2021,10,15,17.59,6.35,0.0,102.01,6.61
2021,10,16,17.7,5.43,0.0,102.28,4.05
2021,10,17,18.39,7.32,0.0,101.97,3.72
2021,10,18,18.56,8.12,0.0,102.12,3.71
2021,10,19,18.8,6.9,0.0,102.15,3.97
2021,10,20,19.69,8.79,0.0,101.82,3.77
2021,10,21,20.65,10.68,0.0,101.39,4.25
2021,10,22,20.52,10.93,3.65,100.96,5.34
2021,10,23,19.65,9.34,8.87,100.74,6.84
2021,10,24,19.3,7.02,0.0,101.15,6.53
2021,10,25,20.61,10.19,0.0,100.97,6.54
2021,10,26,21.94,10.56,0.0,101.26,3.98
2021,10,27,23.05,11.05,0.0,101.75,4.1
2021,10,28,23.79,12.88,0.0,101.98,5.73
2021,10,29,23.72,11.96,0.0,101.64,6.34
2021,10,30,24.24,13.61,0.0,101.39,5.54
2021,10,31,23.09,12.33,0.0,101.77,8.71
2021,11,1,22.55,12.33,2.02,101.69,7.4
2021,11,2,23.3,13.55,6.34,101.29,3.88
2021,11,3,23.37,13.55,1.2,100.89,6.46
2021,11,4,23.82,13.31,0.18,100.89,3.93
2021,11,5,21.28,8.12,0.05,101.9,10.38
2021,11,6,21.25,8.67,0.01,102.17,7.7
2021,11,7,21.82,9.22,0.03,101.71,3.8
2021,11,8,22.78,9.83,0.34,101.5,2.33
2021,11,9,22.12,10.99,1.56,101.78,7.32
2021,11,10,22.14,10.19,0.0,101.97,7.67
2021,11,11,22.41,9.77,0.0,102.16,7.77
2021,11,12,22.19,9.46,0.0,101.96,7.93
2021,11,13,22.84,10.93,20.07,100.99,8.66
2021,11,14,22.58,10.01,7.02,101.06,4.53
2021,11,15,23.37,11.9,1.27,100.93,3.84
2021,11,16,21.9,9.89,0.04,101.5,9.34
2021,11,17,21.05,5.8,0.0,101.72,4.47
2021,11,18,22.1,6.53,0.0,101.27,4.05
2021,11,19,23.05,10.68,0.0,101.32,5.33
2021,11,20,24.4,11.23,0.0,101.24,3.52
2021,11,21,25.42,12.63,0.0,100.82,6.51
2021,11,22,25.23,11.72,0.0,100.63,7.77
2021,11,23,23.64,8.0,0.0,101.67,5.77
2021,11,24,24.68,10.13,0.0,100.98,6.12
2021,11,25,22.68,11.54,12.56,100.44,7.29
2021,11,26,24.14,11.96,0.0,100.92,5.46
2021,11,27,24.38,12.15,0.05,100.9,6.34
2021,11,28,23.2,13.61,54.14,100.45,6.26
2021,11,29,22.84,12.02,1.09,100.27,9.98
2021,11,30,22.74,9.09,0.0,100.94,5.78
2021,12,1,22.38,10.5,0.0,101.42,5.19
2021,12,2,22.91,10.19,0.0,101.53,5.78
2021,12,3,22.62,10.68,0.01,101.49,6.28
2021,12,4,22.84,11.72,0.69,101.81,5.45
2021,12,5,23.08,11.84,1.14,101.86,5.25
2021,12,6,23.48,12.33,0.98,102.03,6.15
2021,12,7,24.15,12.15,0.0,101.88,6.63
2021,12,8,24.01,11.17,0.0,101.76,6.5
2021,12,9,23.86,12.02,0.0,101.65,6.62
2021,12,10,24.13,11.35,0.0,101.22,4.96
2021,12,11,24.87,12.21,0.0,100.53,4.29
2021,12,12,24.93,13.92,0.14,100.35,5.29
2021,12,13,24.08,11.35,1.6,101.15,6.85
2021,12,14,24.34,10.62,0.51,101.39,8.44
2021,12,15,24.53,13.43,16.3,101.31,4.79
2021,12,16,24.3,12.08,0.0,101.57,7.3
2021,12,17,24.55,11.47,0.0,101.73,7.36
2021,12,18,25.12,12.02,0.0,101.56,6.82
2021,12,19,25.78,13.12,0.0,101.18,5.05
2021,12,20,25.74,13.79,0.02,101.1,6.72
2021,12,21,25.61,12.39,0.05,100.9,7.53
2021,12,22,26.03,11.54,0.0,101.28,5.53
2021,12,23,26.39,11.35,0.0,101.48,5.13
2021,12,24,27.01,13.37,0.0,100.93,4.74
2021,12,25,27.22,14.04,1.55,100.87,5.36
2021,12,26,27.75,11.96,0.21,101.05,3.05
2021,12,27,27.97,13.12,0.01,100.89,4.31
2021,12,28,28.65,12.7,0.0,100.98,4.85
2021,12,29,29.11,13.0,0.0,100.96,6.79
2021,12,30,29.12,13.06,0.0,100.73,6.82
2021,12,31,28.81,15.2,0.16,100.54,5.5
2022,1,1,27.54,14.89,9.81,100.28,5.47
2022,1,2,28.25,14.71,0.09,100.41,2.94
2022,1,3,29.33,15.08,0.01,100.57,2.55
2022,1,4,28.12,15.38,0.26,100.47,7.09
2022,1,5,25.74,9.95,0.0,101.47,8.65
2022,1,6,25.83,9.77,0.0,101.53,6.69
2022,1,7,26.33,11.84,0.0,101.49,6.73
2022,1,8,26.62,11.6,0.0,101.42,6.99
2022,1,9,27.01,12.39,0.0,101.36,6.16
2022,1,10,28.12,13.37,0.0,101.1,3.98
2022,1,11,28.94,12.21,0.0,100.83,4.57
2022,1,12,27.92,12.63,0.0,101.29,6.8
2022,1,13,28.68,11.9,0.0,101.12,5.73
2022,1,14,29.73,13.67,0.0,100.83,5.12
2022,1,15,29.39,17.82,17.57,100.54,5.51
2022,1,16,28.11,17.4,31.19,100.25,4.81
2022,1,17,26.81,15.2,9.18,100.69,9.73
2022,1,18,26.26,15.99,17.59,101.31,10.01
2022,1,19,27.5,16.42,4.69,101.43,4.92
2022,1,20,27.65,18.37,4.35,101.21,4.83
2022,1,21,27.34,19.04,13.5,100.72,5.5
2022,1,22,27.48,18.98,6.05,100.56,4.82
2022,1,23,26.38,15.14,16.24,101.03,3.0
2022,1,24,27.15,15.56,0.01,101.05,2.38
2022,1,25,27.17,17.88,4.02,100.81,2.3
2022,1,26,26.19,15.62,8.66,101.0,7.77
2022,1,27,24.32,10.31,0.0,101.87,8.33
2022,1,28,24.66,9.89,0.0,101.56,3.66
2022,1,29,25.72,12.57,0.0,101.23,4.55
2022,1,30,25.82,13.12,0.0,100.78,6.12
2022,1,31,24.87,9.95,0.0,101.02,6.29
2022,2,1,24.94,9.95,0.0,101.1,4.45
2022,2,2,25.79,13.18,0.03,100.95,4.25
2022,2,3,24.75,14.28,7.85,100.89,2.93
2022,2,4,25.65,14.83,3.07,100.67,2.35
2022,2,5,24.3,12.82,21.64,100.77,8.25
2022,2,6,23.09,10.25,0.41,101.41,8.71
2022,2,7,23.23,10.38,0.1,101.68,5.49
2022,2,8,23.71,10.25,0.0,101.66,3.55
2022,2,9,24.29,11.54,0.0,101.33,4.77
2022,2,10,24.73,12.76,0.0,100.92,5.61
2022,2,11,24.08,12.7,0.91,101.22,6.73
2022,2,12,21.61,9.7,3.99,101.71,8.14
2022,2,13,22.61,8.54,0.0,101.27,5.16
2022,2,14,24.02,10.68,0.0,100.99,3.94
2022,2,15,24.91,12.33,0.0,101.13,5.55
2022,2,16,25.7,12.33,0.0,101.17,4.1
2022,2,17,24.15,11.54,0.0,101.53,8.52
2022,2,18,23.73,11.11,0.0,101.24,5.61
2022,2,19,24.66,13.73,0.14,100.78,5.05
2022,2,20,23.38,13.85,18.27,100.69,4.03
2022,2,21,23.68,12.63,7.13,101.31,6.33
2022,2,22,24.06,11.66,0.0,101.69,3.54
2022,2,23,24.29,12.88,0.01,101.42,4.9
2022,2,24,23.37,13.55,10.61,101.02,5.98
2022,2,25,24.47,10.56,0.0,101.4,2.7
2022,2,26,24.48,15.81,36.13,101.07,4.55
2022,2,27,24.75,15.44,1.89,100.5,6.7
2022,2,28,23.58,11.17,3.39,101.04,6.38
2022,3,1,23.21,10.38,0.0,101.22,5.57
2022,3,2,23.76,12.39,0.0,100.93,6.63
2022,3,3,23.84,12.15,0.0,101.2,5.65
2022,3,4,24.15,14.53,0.11,100.97,4.29
2022,3,5,24.15,14.95,1.34,100.8,5.52
2022,3,6,24.08,14.95,0.08,100.8,5.41
2022,3,7,23.95,12.33,15.84,100.69,6.49
2022,3,8,23.83,9.95,0.0,101.3,4.14
2022,3,9,23.39,11.9,11.27,101.3,4.48
2022,3,10,22.05,11.35,0.01,101.34,5.72
2022,3,11,22.04,9.16,0.0,101.64,5.04
2022,3,12,22.33,8.91,0.0,101.83,3.41
2022,3,13,22.48,9.28,0.0,101.8,3.32
2022,3,14,23.23,10.68,0.0,101.39,3.82
2022,3,15,23.73,13.0,0.0,101.39,4.61
2022,3,16,23.91,12.57,0.0,101.2,4.87
2022,3,17,24.02,15.01,0.73,100.76,3.55
2022,3,18,21.04,9.77,13.16,101.73,9.52
2022,3,19,20.42,7.08,0.0,102.33,5.39
2022,3,20,20.37,8.42,0.0,102.48,6.35
2022,3,21,20.73,9.64,4.7,101.9,8.34
2022,3,22,21.69,12.76,2.06,101.16,6.12
2022,3,23,22.25,14.65,9.79,100.55,4.75
2022,3,24,20.48,9.58,11.8,100.1,10.59
2022,3,25,19.72,11.05,2.84,100.18,7.94
2022,3,26,20.44,11.6,0.18,100.66,7.15
2022,3,27,20.45,11.05,0.0,101.18,4.34
2022,3,28,20.92,11.84,0.0,101.31,5.23
2022,3,29,20.58,11.23,1.41,100.71,8.34
2022,3,30,18.59,6.53,0.01,101.67,10.04
2022,3,31,17.75,5.8,0.0,102.37,4.37
2022,4,1,18.18,6.1,0.0,102.53,2.73
2022,4,2,18.55,8.36,0.0,101.96,6.39
2022,4,3,18.69,10.13,1.83,101.38,6.55
2022,4,4,18.33,5.62,0.0,101.66,3.7
2022,4,5,18.86,7.69,0.0,101.62,4.6
2022,4,6,19.83,11.29,0.0,101.38,3.22
2022,4,7,20.19,12.63,0.0,101.39,3.32
2022,4,8,20.78,12.33,0.0,101.49,4.5
2022,4,9,21.06,12.39,0.0,101.42,4.3
2022,4,10,21.3,12.76,1.97,100.98,5.47
2022,4,11,20.78,12.21,13.57,100.63,5.25
2022,4,12,19.92,7.69,0.0,101.13,6.23
2022,4,13,18.94,6.9,0.0,101.71,4.87
2022,4,14,18.9,7.14,0.0,102.12,4.38
2022,4,15,18.95,8.36,0.0,102.13,3.77
2022,4,16,19.38,9.64,0.0,102.19,4.27
2022,4,17,19.12,9.46,0.2,102.15,3.49
2022,4,18,19.94,10.5,0.31,101.84,3.73
2022,4,19,20.1,11.29,0.0,101.57,2.99
2022,4,20,20.49,11.9,0.44,101.38,4.39
2022,4,21,19.76,8.36,0.53,101.11,5.09
2022,4,22,18.12,8.61,6.36,100.58,6.57
2022,4,23,18.05,7.93,0.0,100.67,6.92
2022,4,24,19.19,10.13,8.58,100.65,8.2
2022,4,25,19.48,12.45,19.0,100.48,5.89
2022,4,26,20.27,14.16,3.57,100.27,7.06
2022,4,27,18.95,8.06,7.77,100.62,5.98
2022,4,28,17.19,5.86,0.0,101.88,6.46
2022,4,29,16.26,5.07,0.0,102.59,4.4
2022,4,30,16.49,5.37,0.0,101.95,1.87
2022,5,1,16.51,6.53,0.0,101.65,4.77
2022,5,2,16.06,7.14,0.0,102.18,5.45
2022,5,3,16.23,6.59,0.0,102.22,2.41
2022,5,4,16.62,7.75,0.0,101.98,3.81
2022,5,5,17.09,9.16,0.0,101.95,4.52
2022,5,6,17.87,10.68,0.0,102.06,4.23
2022,5,7,18.29,11.23,0.0,102.1,4.92
2022,5,8,18.33,10.44,0.0,101.82,4.86
2022,5,9,18.26,10.5,0.0,101.86,3.14
2022,5,10,18.3,9.95,0.0,101.7,4.52
2022,5,11,17.08,7.32,0.0,101.99,5.75
2022,5,12,16.83,6.96,0.0,101.93,4.05
2022,5,13,16.68,7.45,0.0,101.78,4.21
2022,5,14,17.05,7.45,0.0,101.82,4.06
2022,5,15,15.8,6.1,0.0,102.0,7.83
2022,5,16,15.38,7.14,0.29,101.99,11.34
2022,5,17,14.71,7.26,1.26,102.08,12.09
2022,5,18,13.92,6.35,0.0,102.36,6.37
2022,5,19,14.5,6.04,0.0,102.05,2.63
2022,5,20,14.72,7.75,0.0,101.68,6.38
2022,5,21,14.94,8.18,0.0,101.89,4.37
2022,5,22,14.52,8.3,0.0,101.83,4.05
2022,5,23,14.95,9.03,0.0,101.52,4.81
2022,5,24,15.08,9.09,0.54,101.37,4.83
2022,5,25,14.05,7.69,31.79,101.91,8.65
2022,5,26,13.94,6.41,0.0,102.32,5.76
2022,5,27,13.79,6.84,0.02,101.77,4.57
2022,5,28,13.26,6.1,0.0,101.38,1.91
2022,5,29,12.52,5.13,0.0,101.44,6.46
2022,5,30,11.9,4.82,0.0,101.9,7.35
2022,5,31,11.54,4.46,0.0,102.15,3.12
2022,6,1,11.43,4.64,0.0,102.16,3.48
2022,6,2,11.45,4.7,0.0,102.42,3.63
2022,6,3,11.69,5.31,0.0,102.56,4.47
2022,6,4,12.1,6.71,0.0,101.92,5.44
2022,6,5,12.71,7.45,0.0,101.58,2.48
2022,6,6,12.57,6.53,0.0,101.62,2.23
2022,6,7,12.52,6.77,0.0,101.51,2.87
2022,6,8,12.43,7.02,0.05,101.65,2.21
2022,6,9,12.33,6.96,0.05,101.89,4.98
2022,6,10,11.15,4.27,0.0,102.53,8.46
2022,6,11,11.15,4.39,0.0,102.29,6.27
2022,6,12,11.44,5.31,0.0,102.27,2.67
2022,6,13,12.18,6.77,0.0,102.16,5.93
2022,6,14,13.0,7.57,0.0,101.69,5.21
2022,6,15,13.19,8.24,0.0,101.54,3.7
2022,6,16,13.09,8.24,0.0,101.17,2.99
2022,6,17,11.72,5.31,0.0,101.2,8.37
2022,6,18,11.25,5.13,0.0,101.71,6.96
2022,6,19,11.66,6.1,0.0,101.65,6.66
2022,6,20,11.52,6.16,0.0,101.6,3.29
2022,6,21,11.56,6.47,0.0,101.57,7.39
2022,6,22,11.05,5.31,0.01,102.0,8.55
2022,6,23,11.09,5.43,0.03,102.08,4.56
2022,6,24,11.05,5.55,0.12,102.44,4.48
2022,6,25,10.51,5.25,0.1,103.04,4.55
2022,6,26,10.77,5.31,0.0,102.46,4.69
2022,6,27,10.91,6.04,0.0,101.69,3.52
2022,6,28,10.69,5.98,0.21,101.64,4.8
2022,6,29,11.25,6.53,0.0,101.37,6.6
2022,6,30,11.32,6.41,0.0,101.73,4.53
2022,7,1,10.94,6.65,6.3,100.99,6.43
2022,7,2,10.9,5.74,0.04,101.48,4.88
2022,7,3,10.69,4.94,0.0,102.13,3.42
2022,7,4,11.48,6.9,0.01,101.63,4.38
2022,7,5,11.9,7.14,0.07,101.7,4.7
2022,7,6,12.37,8.18,1.61,100.87,5.23
2022,7,7,11.51,5.19,0.0,101.73,6.23
2022,7,8,11.55,4.94,0.48,102.01,6.27
2022,7,9,13.69,9.34,0.15,100.78,5.28
2022,7,10,14.09,9.89,0.28,100.38,7.45
2022,7,11,11.9,6.59,0.78,101.12,7.59
2022,7,12,11.34,4.94,0.14,101.92,5.48
2022,7,13,11.58,5.86,0.0,101.65,7.12
2022,7,14,11.53,7.32,0.09,100.94,5.23
2022,7,15,11.82,7.39,0.18,100.78,5.86
2022,7,16,11.01,6.16,0.23,101.1,8.76
2022,7,17,10.96,5.0,0.0,101.84,7.26
2022,7,18,11.33,5.92,0.0,102.24,5.2
2022,7,19,11.35,6.16,0.0,102.37,4.24
2022,7,20,12.25,7.51,0.0,101.34,5.25
2022,7,21,12.24,7.69,0.0,101.27,4.91
2022,7,22,12.33,7.32,0.0,101.46,5.71
2022,7,23,13.23,9.46,0.01,101.25,3.17
2022,7,24,13.19,9.46,4.67,101.47,5.38
2022,7,25,13.09,9.52,11.84,101.55,6.82
2022,7,26,14.14,11.05,3.59,101.46,4.43
2022,7,27,14.18,10.93,12.01,101.03,4.8
2022,7,28,13.76,6.84,0.21,101.28,8.98
2022,7,29,13.23,5.8,0.0,101.68,5.07
2022,7,30,13.9,7.08,0.0,101.68,3.92
2022,7,31,14.21,7.39,0.0,101.78,3.37
2022,8,1,14.08,7.39,0.0,101.73,3.38
2022,8,2,14.2,8.0,0.0,101.64,4.52
2022,8,3,13.69,8.61,0.03,101.41,5.35
2022,8,4,13.01,6.41,0.02,101.5,6.9
2022,8,5,13.11,5.74,0.0,101.85,4.05
2022,8,6,13.36,6.29,0.0,102.05,5.57
2022,8,7,12.94,6.59,0.0,102.34,7.88
2022,8,8,12.9,6.35,0.0,102.67,6.28
2022,8,9,12.9,6.23,0.0,103.03,5.31
2022,8,10,12.69,5.68,0.0,102.66,4.91
2022,8,11,13.17,6.77,0.0,102.13,6.27
2022,8,12,14.03,8.18,0.1,101.66,4.84
2022,8,13,15.04,8.91,0.01,101.66,3.2
2022,8,14,15.35,9.64,0.23,100.83,6.04
2022,8,15,14.58,7.14,0.52,100.53,8.13
2022,8,16,13.51,5.8,0.0,100.83,6.74
2022,8,17,12.57,5.92,0.16,100.87,6.87
2022,8,18,11.56,4.58,0.0,102.21,8.16
2022,8,19,12.06,4.76,0.0,102.78,6.78
2022,8,20,12.4,5.74,0.0,102.71,6.37
2022,8,21,12.68,5.92,0.0,102.71,2.93
2022,8,22,12.7,6.41,0.0,102.48,5.21
2022,8,23,13.33,7.39,0.0,101.94,4.25
2022,8,24,14.4,8.67,0.0,101.75,3.11
2022,8,25,15.55,10.01,0.03,101.57,2.32
2022,8,26,15.69,10.62,0.86,101.18,4.23
2022,8,27,15.07,7.69,22.15,101.42,8.61
2022,8,28,12.95,4.27,0.0,103.23,5.59
2022,8,29,13.34,4.64,0.0,103.22,3.34
2022,8,30,14.01,6.47,0.0,102.54,5.91
2022,8,31,14.85,8.54,0.01,101.64,5.27
2022,9,1,14.38,9.52,3.89,101.18,3.93
2022,9,2,13.86,5.55,0.0,102.25,7.7
2022,9,3,14.21,4.88,0.0,102.66,2.64
2022,9,4,14.82,6.47,0.0,102.47,5.52
2022,9,5,15.38,7.14,0.0,102.42,4.11
2022,9,6,16.07,8.67,0.0,101.86,4.89
2022,9,7,16.62,9.09,0.0,100.9,6.11
2022,9,8,16.32,9.03,10.24,100.48,6.9
2022,9,9,14.53,5.8,0.04,101.68,9.43
2022,9,10,14.47,4.76,0.0,102.24,4.56
2022,9,11,14.4,5.13,0.0,102.09,3.41
2022,9,12,15.23,6.1,0.0,101.77,3.62
2022,9,13,15.52,7.57,0.0,101.94,3.58
2022,9,14,16.01,7.14,0.02,102.41,2.95
2022,9,15,16.24,7.75,0.0,102.34,5.12
2022,9,16,16.69,8.97,0.0,102.07,7.41
2022,9,17,16.87,9.4,0.0,101.67,7.7
2022,9,18,16.58,9.64,0.32,101.28,5.31
2022,9,19,17.29,9.4,0.16,101.33,3.98
2022,9,20,16.18,5.98,0.11,101.71,4.67
2022,9,21,16.33,6.04,0.44,101.7,3.62
2022,9,22,16.13,6.23,2.3,101.72,4.3
2022,9,23,16.37,5.98,0.0,101.89,2.59
2022,9,24,16.76,7.69,0.0,101.85,3.95
2022,9,25,17.05,7.75,0.0,101.63,5.45
2022,9,26,17.58,8.85,0.24,101.31,2.83
2022,9,27,18.03,8.24,0.0,102.01,5.12
2022,9,28,16.69,6.23,0.0,102.85,6.7
2022,9,29,16.43,5.98,0.0,102.6,6.11
2022,9,30,17.15,7.39,0.0,102.19,4.59
2022,10,1,17.62,8.06,0.0,102.09,2.88
2022,10,2,18.23,8.73,0.0,102.18,4.64
2022,10,3,17.28,7.39,0.0,102.1,7.51
2022,10,4,17.26,7.2,0.0,101.59,6.3
2022,10,5,17.83,8.85,0.0,101.3,6.66
2022,10,6,17.86,9.4,0.0,100.81,5.47
2022,10,7,18.65,8.12,0.0,100.57,5.6
2022,10,8,16.98,7.02,0.09,100.83,10.13
2022,10,9,16.62,5.13,0.0,101.99,5.29
2022,10,10,17.21,5.92,0.0,102.26,4.73
2022,10,11,17.48,6.41,0.0,101.88,3.83
2022,10,12,17.98,7.57,0.0,101.11,6.79
2022,10,13,17.32,6.23,0.0,101.98,7.8
2022,10,14,16.71,6.04,0.02,102.96,7.98
2022,10,15,16.7,7.39,1.63,102.73,6.23
2022,10,16,17.12,8.61,2.27,102.3,7.59
2022,10,17,17.35,8.24,0.0,102.49,9.48
2022,10,18,17.8,9.46,0.23,102.23,7.38
2022,10,19,18.38,10.38,0.1,101.6,4.4
2022,10,20,18.28,10.99,0.64,100.93,1.77
2022,10,21,19.05,9.83,0.0,101.07,6.32
2022,10,22,17.44,7.81,3.77,102.0,7.95
2022,10,23,18.36,8.06,0.01,102.11,5.52
2022,10,24,19.66,9.7,0.0,101.7,4.6
2022,10,25,20.62,10.56,0.0,101.1,5.57
2022,10,26,19.91,11.05,2.31,100.35,7.18
2022,10,27,20.81,8.91,0.0,100.73,6.64
2022,10,28,21.61,10.13,0.0,100.49,5.54
2022,10,29,21.8,11.35,0.35,100.07,4.95
2022,10,30,19.47,8.36,0.9,100.83,9.65
2022,10,31,18.35,6.1,0.01,102.64,8.83
2022,11,1,19.2,5.37,0.0,102.94,3.66
2022,11,2,20.73,6.77,0.0,102.8,2.82
2022,11,3,21.07,7.93,0.0,102.65,4.91
2022,11,4,21.2,8.36,0.0,102.41,6.73
2022,11,5,21.51,8.97,0.0,102.24,6.83
2022,11,6,21.84,9.46,0.0,102.3,7.2
2022,11,7,22.03,9.4,0.0,102.29,7.06
2022,11,8,22.07,9.28,0.0,101.99,6.12
2022,11,9,22.37,9.34,0.0,101.49,5.85
2022,11,10,22.54,10.38,0.0,101.28,5.66
2022,11,11,22.91,11.54,0.0,101.16,5.11
2022,11,12,22.8,12.15,0.0,100.91,4.79
2022,11,13,22.33,13.49,8.18,100.47,4.13
2022,11,14,21.01,10.25,1.56,100.3,10.48
2022,11,15,22.65,10.44,0.0,101.07,5.99
2022,11,16,23.89,10.44,0.0,101.47,2.98
2022,11,17,24.07,12.02,0.0,101.62,5.54
2022,11,18,24.48,11.96,0.0,101.25,5.77
2022,11,19,24.91,11.66,0.0,100.8,4.86
2022,11,20,24.66,12.7,1.44,100.76,5.05
2022,11,21,22.99,10.86,1.66,101.26,7.84
2022,11,22,23.05,7.81,0.15,101.34,4.95
2022,11,23,24.07,8.24,0.0,101.05,5.09
2022,11,24,25.15,9.95,0.0,101.17,4.85
2022,11,25,24.26,11.54,0.0,101.84,7.91
2022,11,26,25.23,12.51,0.0,101.76,5.94
2022,11,27,26.1,13.73,0.0,101.71,5.74
2022,11,28,26.61,13.06,0.0,101.18,6.0
2022,11,29,26.71,13.0,0.0,100.66,5.06
2022,11,30,25.87,14.04,5.27,100.52,5.05
2022,12,1,24.91,13.31,14.59,100.88,8.62
2022,12,2,24.43,9.34,0.0,101.3,5.8
2022,12,3,25.01,9.28,0.0,101.13,3.84
2022,12,4,26.15,11.11,0.0,100.95,3.33
2022,12,5,27.44,12.63,0.0,101.07,4.46
2022,12,6,27.94,11.66,0.0,101.1,4.73
2022,12,7,28.21,12.82,2.68,100.84,4.62
2022,12,8,28.68,14.04,0.01,100.45,5.28
2022,12,9,29.4,14.59,2.05,100.41,5.41
2022,12,10,27.92,12.21,6.38,101.05,7.25
2022,12,11,28.46,15.08,0.45,100.53,7.38
2022,12,12,26.77,9.34,2.65,100.69,6.62
2022,12,13,26.8,8.0,0.03,101.1,2.63
2022,12,14,27.33,10.8,0.0,100.79,4.27
2022,12,15,26.15,10.62,2.68,101.35,8.12
2022,12,16,25.03,9.83,0.0,101.67,7.44
2022,12,17,24.98,9.58,0.0,101.38,7.12
2022,12,18,25.5,10.68,0.0,101.46,7.37
2022,12,19,26.0,11.66,0.0,101.49,6.89
2022,12,20,26.34,12.57,0.0,101.47,6.85
2022,12,21,26.34,12.15,0.0,101.47,6.89
2022,12,22,26.62,13.24,0.4,101.1,6.55
2022,12,23,26.26,13.43,1.91,100.93,4.1
2022,12,24,24.48,10.62,11.53,101.29,8.78
2022,12,25,24.34,8.18,0.0,101.71,4.21
2022,12,26,25.15,8.06,0.0,101.42,3.38
2022,12,27,26.0,10.38,0.0,101.04,3.49
2022,12,28,25.73,11.23,0.0,100.96,6.54
2022,12,29,25.9,7.63,0.0,101.31,2.9
2022,12,30,27.21,11.41,0.0,100.79,5.1
2022,12,31,26.16,11.66,0.0,101.12,8.31
2023,1,1,25.12,12.94,6.69,100.89,5.46
2023,1,2,25.01,10.62,0.14,100.71,7.4
2023,1,3,25.62,10.99,0.0,100.73,5.9
2023,1,4,25.49,9.46,0.0,101.31,6.08
2023,1,5,26.29,10.38,0.0,101.47,5.29
2023,1,6,27.02,11.96,0.0,101.62,6.41
2023,1,7,27.08,12.08,0.0,101.85,7.43
2023,1,8,27.08,12.94,0.0,101.74,7.02
2023,1,9,27.15,12.94,0.0,101.34,6.79
2023,1,10,27.56,12.94,0.0,100.99,5.32
2023,1,11,26.14,13.37,0.16,100.95,4.75
2023,1,12,26.51,12.51,0.0,100.86,4.34
2023,1,13,26.65,9.58,0.0,100.86,4.0
2023,1,14,27.33,6.96,0.0,100.91,2.2
2023,1,15,28.01,10.86,0.0,101.2,4.26
2023,1,16,28.62,11.84,0.0,101.18,4.72
2023,1,17,28.38,13.18,0.0,101.4,7.29
2023,1,18,27.52,13.31,0.0,101.7,6.99
2023,1,19,28.06,14.22,0.0,101.44,6.36
2023,1,20,28.6,15.56,1.51,100.65,5.58
2023,1,21,27.9,15.14,7.53,100.33,5.21
2023,1,22,28.23,14.4,1.78,100.58,4.8
2023,1,23,28.19,11.47,0.24,100.89,4.52
2023,1,24,28.81,11.23,0.0,100.72,3.17
2023,1,25,28.69,13.43,0.0,100.89,4.01
2023,1,26,28.82,15.2,4.53,100.72,3.64
2023,1,27,27.74,16.36,6.2,100.91,4.27
2023,1,28,27.95,15.93,0.84,101.34,5.37
2023,1,29,27.19,12.76,0.0,101.49,7.5
2023,1,30,27.55,13.92,0.0,100.98,5.45
2023,1,31,27.73,14.65,0.0,100.95,5.15
2023,2,1,27.34,14.83,0.0,101.28,7.13
2023,2,2,27.08,14.28,5.73,101.33,6.64
2023,2,3,26.01,13.24,3.8,101.47,8.27
2023,2,4,26.07,11.05,0.02,101.5,6.02
2023,2,5,27.03,10.5,0.0,101.16,2.12
2023,2,6,27.98,12.15,0.0,101.0,4.08
2023,2,7,28.58,13.49,0.0,100.98,4.94
2023,2,8,28.15,13.73,0.0,100.8,4.11
2023,2,9,29.08,12.82,0.08,100.97,2.81
2023,2,10,30.11,14.34,0.0,100.96,3.24
2023,2,11,30.72,14.59,0.0,100.82,3.55
2023,2,12,30.76,15.56,0.0,100.45,6.58
2023,2,13,28.98,14.53,3.66,100.33,5.52
2023,2,14,28.7,11.6,0.01,100.51,4.66
2023,2,15,28.65,10.74,0.0,100.57,2.79
2023,2,16,25.42,10.56,2.09,100.24,8.41
2023,2,17,22.98,7.87,0.93,101.2,11.42
2023,2,18,23.07,6.84,0.0,101.96,5.62
2023,2,19,23.52,7.26,0.0,101.91,4.81
2023,2,20,24.27,9.34,0.0,101.65,5.08
2023,2,21,24.78,11.6,0.0,101.43,5.65
2023,2,22,25.48,12.45,0.0,101.37,4.14
2023,2,23,24.77,12.33,0.01,101.3,2.85
2023,2,24,25.94,12.51,0.11,101.04,3.09
2023,2,25,26.5,12.7,0.32,100.46,3.41
2023,2,26,25.6,9.58,0.0,101.29,5.85
2023,2,27,25.84,9.89,0.0,101.65,4.97
2023,2,28,27.16,12.63,0.0,101.27,3.84
2023,3,1,27.87,13.43,0.0,100.88,4.8
2023,3,2,28.31,13.67,0.0,100.69,3.34
2023,3,3,28.32,15.32,0.0,100.61,4.76
2023,3,4,27.84,16.11,0.0,100.91,5.89
2023,3,5,28.11,15.81,0.0,101.12,4.82
2023,3,6,28.54,14.59,0.0,100.92,5.35
2023,3,7,27.98,13.85,0.0,100.82,5.06
2023,3,8,28.48,15.44,0.0,100.84,3.27
2023,3,9,28.32,14.28,0.0,101.13,5.77
2023,3,10,28.95,15.99,0.0,101.0,5.9
2023,3,11,30.14,16.11,0.0,101.07,4.66
2023,3,12,29.98,14.59,0.0,101.21,5.48
2023,3,13,29.98,16.48,0.0,101.17,5.87
2023,3,14,30.3,17.03,0.05,101.03,4.73
2023,3,15,29.12,15.56,1.32,101.12,4.78
2023,3,16,29.23,15.62,1.07,101.15,3.66
2023,3,17,29.53,15.81,0.0,101.23,3.6
2023,3,18,28.62,15.75,0.0,101.4,6.32
2023,3,19,28.94,16.66,0.22,100.99,4.97
2023,3,20,27.14,13.37,5.78,101.41,7.8
2023,3,21,25.24,10.99,0.04,101.79,6.37
2023,3,22,24.86,10.5,0.0,101.8,7.3
2023,3,23,25.98,12.88,0.0,101.58,3.76
2023,3,24,25.73,13.98,0.06,101.62,5.81
2023,3,25,25.39,14.16,10.52,101.13,4.46
2023,3,26,23.79,9.83,0.0,101.8,6.2
2023,3,27,24.0,10.07,0.0,101.57,5.49
2023,3,28,24.94,12.27,0.0,100.88,6.48
2023,3,29,24.28,12.51,1.12,100.94,6.8
2023,3,30,24.1,10.74,0.02,101.48,5.77
2023,3,31,22.55,8.85,0.02,101.85,8.78
2023,4,1,21.98,7.81,0.0,101.98,3.55
2023,4,2,21.89,9.09,3.6,101.53,4.55
2023,4,3,21.85,11.23,11.37,101.37,3.79
2023,4,4,22.07,11.6,0.0,101.68,4.83
2023,4,5,22.23,11.17,0.0,101.82,6.22
2023,4,6,22.26,10.8,0.0,101.84,7.08
2023,4,7,22.37,10.44,0.0,101.85,4.79
2023,4,8,22.39,9.64,0.0,101.87,4.22
2023,4,9,22.57,10.5,0.0,101.65,3.73
2023,4,10,22.96,11.35,0.0,101.67,3.34
2023,4,11,23.18,12.57,0.21,100.94,5.09
2023,4,12,22.18,10.38,0.37,101.18,7.38
2023,4,13,20.7,6.9,0.0,101.74,5.71
2023,4,14,20.46,7.02,0.0,101.94,4.57
2023,4,15,20.6,8.12,0.0,101.98,4.18
2023,4,16,20.08,8.61,2.56,101.62,4.42
2023,4,17,20.01,7.63,0.12,101.05,2.7
2023,4,18,18.59,7.63,4.45,100.39,8.38
2023,4,19,17.74,7.45,0.51,100.79,8.49
2023,4,20,18.26,6.53,0.0,101.74,2.48
2023,4,21,18.76,7.75,0.0,101.57,4.18
2023,4,22,18.92,8.85,0.0,101.89,3.95
2023,4,23,18.51,10.62,0.0,102.07,4.66
2023,4,24,19.14,10.99,0.48,101.84,3.79
2023,4,25,19.55,11.29,3.99,101.34,3.51
2023,4,26,19.65,11.29,0.01,101.35,3.07
2023,4,27,20.01,10.5,0.0,101.39,3.06
2023,4,28,20.63,10.99,0.0,101.25,6.49
2023,4,29,20.78,10.99,0.0,100.92,7.91
2023,4,30,20.52,11.47,1.18,100.84,10.39
2023,5,1,18.57,5.86,0.0,101.88,4.56
2023,5,2,18.0,5.68,0.0,102.05,4.68
2023,5,3,17.79,7.14,0.0,101.97,3.33
2023,5,4,18.22,7.87,0.0,101.8,3.26
2023,5,5,18.54,10.8,9.23,101.85,7.84
2023,5,6,18.85,11.84,7.94,101.17,6.65
2023,5,7,18.36,8.91,0.05,101.19,7.26
2023,5,8,18.05,8.73,0.0,101.62,5.49
2023,5,9,17.73,7.39,0.0,101.9,3.95
2023,5,10,17.59,7.45,0.0,102.07,6.18
2023,5,11,17.15,7.32,0.0,102.2,3.97
2023,5,12,17.28,7.51,0.0,101.94,5.66
2023,5,13,17.99,9.52,0.0,101.56,4.88
2023,5,14,18.24,10.13,0.0,101.58,5.09
2023,5,15,18.49,10.07,0.0,101.75,2.59
2023,5,16,18.5,9.52,0.0,101.6,5.71
2023,5,17,18.83,9.7,0.0,101.31,6.13
2023,5,18,18.41,8.67,0.0,101.57,5.0
2023,5,19,18.15,9.7,22.02,101.63,5.8
2023,5,20,17.32,8.36,0.05,101.95,6.92
2023,5,21,17.8,10.44,0.12,101.41,5.52
2023,5,22,18.19,11.35,0.04,101.25,3.82
2023,5,23,18.25,11.84,7.82,101.34,4.39
2023,5,24,18.44,13.61,6.33,100.91,5.97
2023,5,25,18.82,13.18,38.2,100.95,5.88
2023,5,26,17.98,9.95,7.68,100.93,6.94
2023,5,27,16.52,6.41,0.0,102.43,7.53
2023,5,28,15.68,5.25,0.0,102.77,2.43
2023,5,29,15.92,5.68,0.0,102.37,2.98
2023,5,30,16.28,7.02,0.0,102.07,4.74
2023,5,31,16.73,8.97,0.01,101.78,4.5
2023,6,1,17.23,10.07,0.03,101.75,3.23
2023,6,2,18.01,11.66,0.01,101.22,6.02
2023,6,3,17.6,11.54,0.01,101.29,4.0
2023,6,4,16.78,8.48,0.0,102.03,5.83
2023,6,5,15.94,5.92,0.0,102.27,4.5
2023,6,6,17.29,10.5,0.0,101.42,6.24
2023,6,7,17.22,10.5,0.0,101.6,5.21
2023,6,8,18.17,12.39,0.0,100.94,6.71
2023,6,9,17.32,8.61,0.08,100.88,9.39
2023,6,10,15.15,5.49,0.0,101.59,6.62
2023,6,11,13.53,4.88,0.0,102.17,7.69
2023,6,12,12.89,4.88,0.0,102.69,6.28
2023,6,13,12.65,4.27,0.0,103.11,3.11
2023,6,14,13.05,4.39,0.0,102.81,3.6
2023,6,15,13.25,4.7,0.0,102.51,2.82
2023,6,16,13.68,6.16,0.0,102.34,3.02
2023,6,17,13.06,5.92,0.0,102.46,5.27
2023,6,18,12.9,4.88,0.0,102.37,3.12
2023,6,19,13.54,6.23,0.0,102.3,5.33
2023,6,20,13.58,7.69,0.01,102.19,4.62
2023,6,21,13.76,8.06,0.03,101.69,1.55
2023,6,22,13.42,7.63,0.01,101.4,3.33
2023,6,23,13.23,7.87,0.0,101.06,5.02
2023,6,24,13.72,9.09,0.0,100.96,3.33
2023,6,25,13.74,7.69,0.0,101.32,3.49
2023,6,26,14.6,8.67,0.01,101.19,4.41
2023,6,27,14.12,7.81,0.0,101.45,5.51
2023,6,28,13.25,6.1,0.0,102.35,6.23
2023,6,29,12.89,5.74,0.0,102.65,3.83
2023,6,30,12.91,6.04,0.0,102.42,4.45
2023,7,1,13.83,6.77,0.0,102.08,3.43
2023,7,2,14.4,8.42,0.0,101.58,6.62
2023,7,3,15.25,10.19,0.03,101.47,5.08
2023,7,4,16.12,10.56,12.43,101.1,6.78
2023,7,5,15.45,8.97,0.38,101.41,4.88
2023,7,6,14.56,7.93,1.13,101.39,7.29
2023,7,7,14.1,6.9,0.0,101.7,7.97
2023,7,8,13.77,6.65,0.01,101.72,6.81
2023,7,9,14.17,7.75,0.22,101.6,3.83
2023,7,10,14.17,6.77,0.06,101.81,4.95
2023,7,11,13.47,6.71,4.06,101.92,7.96
2023,7,12,12.89,6.84,9.49,101.53,10.68
2023,7,13,12.15,5.74,2.64,102.11,7.38
2023,7,14,12.36,5.0,0.0,102.13,4.1
2023,7,15,12.4,5.98,0.0,101.72,6.6
2023,7,16,11.78,5.0,0.0,102.07,6.63
2023,7,17,10.8,4.7,0.0,102.64,5.81
2023,7,18,10.93,3.91,0.0,103.12,3.16
2023,7,19,11.45,4.82,0.0,102.99,6.5
2023,7,20,12.1,6.96,0.0,101.93,6.09
2023,7,21,14.39,10.31,0.0,100.84,7.88
2023,7,22,15.12,10.93,0.12,100.45,8.13
2023,7,23,13.13,6.71,0.0,102.16,6.06
2023,7,24,12.02,6.1,0.0,102.71,7.69
2023,7,25,12.66,7.08,2.52,101.92,6.02
2023,7,26,13.23,7.2,1.31,101.56,7.06
2023,7,27,12.51,5.49,0.0,102.28,3.12
2023,7,28,12.66,5.86,0.0,102.72,3.77
2023,7,29,13.11,6.71,0.0,102.23,7.37
2023,7,30,13.55,7.75,0.0,101.8,5.34
2023,7,31,14.56,9.03,0.0,101.85,3.55
2023,8,1,15.92,10.86,0.0,101.36,5.23
2023,8,2,15.96,9.83,0.0,101.38,7.09
2023,8,3,14.32,5.86,0.0,102.28,6.16
2023,8,4,13.94,5.8,0.0,101.89,3.25
2023,8,5,14.33,6.16,0.0,101.69,4.68
2023,8,6,15.27,9.4,0.0,101.02,4.78
2023,8,7,13.16,5.55,0.0,102.74,8.66
2023,8,8,13.26,5.62,0.0,102.8,6.1
2023,8,9,14.05,7.63,0.01,101.88,4.67
2023,8,10,14.33,9.34,0.0,100.95,5.19
2023,8,11,13.62,6.04,0.0,101.42,8.41
2023,8,12,12.16,4.21,0.0,102.45,7.38
2023,8,13,12.76,4.58,0.0,102.23,6.01
2023,8,14,14.02,6.71,0.0,101.52,7.67
2023,8,15,14.75,7.69,0.0,101.05,6.78
2023,8,16,15.44,10.25,19.79,100.85,6.96
2023,8,17,14.62,10.13,58.99,100.67,5.35
2023,8,18,14.14,6.9,0.98,101.01,8.66
2023,8,19,13.17,5.07,0.02,100.85,8.99
2023,8,20,13.01,5.55,0.01,100.89,5.66
2023,8,21,13.8,7.51,1.39,100.39,4.95
2023,8,22,14.14,8.18,12.37,100.01,5.32
2023,8,23,13.92,6.84,0.0,100.73,4.86
2023,8,24,13.96,5.86,0.0,101.47,4.28
2023,8,25,13.39,5.55,0.0,101.99,4.8
2023,8,26,13.14,4.64,0.0,102.46,4.12
2023,8,27,13.29,5.07,0.0,102.73,3.67
2023,8,28,13.46,5.07,0.0,102.35,6.5
2023,8,29,13.7,6.1,0.0,102.13,4.63
2023,8,30,14.4,7.02,0.0,101.37,5.62
2023,8,31,14.22,5.31,0.0,101.8,4.07
2023,9,1,15.01,8.06,0.19,101.07,4.44
2023,9,2,14.51,7.39,0.14,101.11,8.0
2023,9,3,13.89,7.63,22.6,101.2,9.43
2023,9,4,13.73,6.59,0.47,101.83,8.84
2023,9,5,13.46,5.25,0.0,102.72,5.67
2023,9,6,13.69,6.16,0.0,102.34,9.38
2023,9,7,14.26,8.73,6.81,101.29,5.86
2023,9,8,14.08,7.02,0.06,101.61,4.62
2023,9,9,14.87,7.02,0.0,101.75,2.62
2023,9,10,15.69,8.73,0.0,101.28,4.41
2023,9,11,15.86,9.4,3.28,100.64,8.95
2023,9,12,14.76,5.19,0.0,101.85,5.02
2023,9,13,14.64,5.55,0.0,102.08,4.12
2023,9,14,15.21,5.92,0.0,101.82,5.0
2023,9,15,16.45,8.0,0.0,100.8,9.67
2023,9,16,17.11,9.22,0.0,100.3,8.08
2023,9,17,15.96,8.42,1.87,101.06,10.37
2023,9,18,15.76,6.71,0.01,101.92,8.67
2023,9,19,15.97,8.0,0.0,102.0,9.52
2023,9,20,16.67,9.77,0.13,101.62,7.52
2023,9,21,17.37,11.11,0.3,100.91,3.42
2023,9,22,16.34,8.48,0.03,101.47,8.86
2023,9,23,16.65,8.54,0.0,101.26,5.95
2023,9,24,16.19,7.51,0.0,101.55,7.29
2023,9,25,16.17,6.71,0.03,101.62,7.61
2023,9,26,15.72,6.96,0.42,101.64,6.73
2023,9,27,16.53,6.84,0.0,101.93,3.82
2023,9,28,17.05,7.14,0.0,101.87,5.28
2023,9,29,17.33,8.06,0.0,102.08,5.58
2023,9,30,16.87,5.98,0.0,102.11,3.95
2023,10,1,17.33,5.68,0.0,101.72,3.62
2023,10,2,17.74,7.69,0.0,101.32,6.03
2023,10,3,17.82,8.36,1.29,101.01,6.15
2023,10,4,17.57,7.26,0.16,101.04,7.72
2023,10,5,18.06,7.02,0.0,100.72,7.2
2023,10,6,18.6,7.87,0.0,101.08,5.24
2023,10,7,18.64,7.14,0.0,101.85,3.88
2023,10,8,19.15,7.81,0.0,101.65,4.71
2023,10,9,20.08,8.67,0.0,101.44,5.55
2023,10,10,20.3,9.95,1.15,100.89,7.02
2023,10,11,17.73,6.9,5.22,101.84,10.41
2023,10,12,17.56,5.55,0.0,102.33,5.37
2023,10,13,18.4,5.68,0.0,102.36,3.33
2023,10,14,18.84,7.02,0.0,102.13,6.98
2023,10,15,19.43,8.91,0.0,101.64,6.36
2023,10,16,20.47,11.47,0.0,101.03,5.45
2023,10,17,18.65,6.77,0.0,102.06,8.18
2023,10,18,18.58,6.77,0.0,102.24,7.88
2023,10,19,19.12,8.18,0.0,102.05,6.66
2023,10,20,19.87,9.77,0.0,101.66,5.57
2023,10,21,20.15,11.17,0.76,101.3,5.02
2023,10,22,20.16,12.94,2.61,101.0,5.0
2023,10,23,19.76,11.72,5.86,101.26,6.39
2023,10,24,19.92,9.16,1.67,101.5,6.52
2023,10,25,19.6,7.2,0.0,101.38,4.5
2023,10,26,20.14,7.51,0.0,100.97,3.29
2023,10,27,21.31,9.7,0.0,100.57,3.43
2023,10,28,22.87,10.99,3.13,100.18,2.19
2023,10,29,22.57,12.76,1.72,100.22,3.99
2023,10,30,20.23,9.03,10.89,101.41,9.71
2023,10,31,19.74,7.45,2.81,102.07,10.86
2023,11,1,19.73,7.26,4.62,102.05,11.2
2023,11,2,19.3,9.22,23.59,101.26,10.46
2023,11,3,18.41,8.73,6.12,101.09,8.52
2023,11,4,18.93,6.96,0.0,101.5,4.1
2023,11,5,19.99,8.67,0.0,101.51,4.02
2023,11,6,20.98,9.7,0.0,101.44,4.95
2023,11,7,21.89,12.88,2.08,100.73,6.05
2023,11,8,21.69,9.77,0.0,101.17,4.72
2023,11,9,21.48,8.54,0.0,101.53,6.68
2023,11,10,20.78,9.34,37.16,100.8,8.7
2023,11,11,21.8,12.27,4.49,100.14,4.45
2023,11,12,20.9,9.16,0.0,100.85,7.54
2023,11,13,20.44,8.42,0.05,101.2,8.54
2023,11,14,21.46,8.73,0.01,101.05,5.16
2023,11,15,22.3,12.27,6.29,100.42,3.55
2023,11,16,22.12,8.61,0.0,100.46,5.94
2023,11,17,22.63,10.93,1.27,99.97,5.48
2023,11,18,22.21,8.18,0.43,100.54,9.19
2023,11,19,22.43,8.61,0.0,101.21,6.3
2023,11,20,23.62,11.11,0.0,100.77,5.63
2023,11,21,23.41,11.78,1.52,100.57,5.01
2023,11,22,23.62,9.22,0.03,101.14,6.14
2023,11,23,23.97,9.83,0.0,101.67,5.19
2023,11,24,23.48,8.3,0.0,102.31,6.62
2023,11,25,24.13,9.22,0.0,101.77,5.3
2023,11,26,25.08,10.99,0.0,101.31,5.09
2023,11,27,25.79,12.76,0.0,101.3,6.03
2023,11,28,26.27,14.95,0.04,100.96,5.09
2023,11,29,25.33,15.08,9.17,100.89,4.18
2023,11,30,26.07,13.85,0.0,100.95,4.67
2023,12,1,25.39,15.56,17.21,100.39,7.12
2023,12,2,25.66,12.7,0.02,100.79,2.71
2023,12,3,23.24,9.28,1.16,101.74,9.27
2023,12,4,22.72,8.67,0.0,102.18,8.04
2023,12,5,22.11,10.5,4.83,101.59,7.27
2023,12,6,22.71,13.98,14.8,100.8,4.45
2023,12,7,22.96,11.9,10.52,101.32,6.72
2023,12,8,23.58,10.44,0.0,101.9,4.4
2023,12,9,23.91,10.62,0.0,101.63,6.16
2023,12,10,24.48,11.41,0.01,101.48,4.49
2023,12,11,25.01,12.15,0.0,101.13,6.03
2023,12,12,26.12,14.71,0.03,100.9,6.01
2023,12,13,25.41,15.2,3.07,100.55,7.1
2023,12,14,25.86,14.16,0.06,100.64,5.41
2023,12,15,26.94,18.07,0.03,100.66,4.97
2023,12,16,27.05,18.92,1.69,100.62,6.84
2023,12,17,26.94,17.88,37.31,100.48,6.01
2023,12,18,25.5,13.43,6.9,101.24,11.8
2023,12,19,24.98,10.74,0.0,101.86,9.98
2023,12,20,24.37,11.41,1.2,101.59,6.94
2023,12,21,24.69,13.43,0.99,101.31,4.63
2023,12,22,24.94,12.39,0.01,101.21,4.12
2023,12,23,25.32,14.47,1.42,101.02,2.69
2023,12,24,24.92,14.34,4.13,101.0,3.92
2023,12,25,24.44,11.78,6.47,101.24,7.75
2023,12,26,24.28,8.61,0.0,101.75,4.09
2023,12,27,25.33,11.05,0.0,101.14,5.29
2023,12,28,25.68,15.5,2.77,100.39,7.39
2023,12,29,25.13,12.02,0.0,101.15,7.24
2023,12,30,24.6,8.06,0.0,101.79,4.51
2023,12,31,25.51,9.83,0.0,101.5,4.98
